name,mi
s3,0.6444761388462164
r2,0.618829072023412
g1,0.4116167475087744
s4,0.2975446579884099
s2,0.15024246149374798
r1,0.11575551427470943
s1,0.08753071390794842
d1,0.0627198982491409
d2,-0.20892834728901533
