var,type,lo,mi,hi
l,arith,1.187741932146491,1.2249425603372153,1.2684149988001534
l,geom,0.994079447657092,1.0028376571536022,1.0111824833907754
l_asym,arith,1.2269564716729495,1.293801168054915,1.368432183973039
l_asym,geom,1.0549784638755857,1.09767290548537,1.1423274759669901
