var,type,lo,mi,hi
l,arith,1.186067341487178,1.2243980509145156,1.26449953808717
l,geom,0.9951780483166178,1.0033204596378682,1.0110664634264805
l_asym,arith,1.259222797642212,1.3154500981170187,1.3860237877406028
l_asym,geom,1.0661480943321302,1.0993474366507847,1.1392039767889626
