model,looic,log_lik
fit_full,532.1483992932746,-141.36260280285643
fit_no_juv_move,542.0823859528916,-142.39419177702518
fit_no_move,653.8178266229822,-222.88959404395678
fit_null,790.2575310658681,-379.88636428005077
