model,waic,looic,log_lik,delt_waic,delt_looic
fit_full,3174.0101916290287,3173.2223520524294,-1485.9761074008775,0.3623418356032744,0
fit_no_juv_move,3173.6478497934254,3175.2339066576183,-1485.207808423826,0,2.0115546051888487
fit_no_move,3195.54096222072,3194.534619965038,-1502.0892427156487,21.893112427294454,21.312267912608604
fit_null,3463.2647429101307,3463.2786361935964,-1721.4717810332666,289.61689311670534,290.056284141167
